ID,text,src,label
26739,smaller than in description.,rureviews,0
198426,–°–ª–µ–≤–∞ –æ—Ç –º–µ–Ω—è –ê–ª–µ–∫—Å–µ–π –ò–ª—å–º—É—Ö–∏–Ω. –ü—É—Ç–µ—à–µ—Å—Ç–≤–µ–Ω–Ω–∏–∫ –∏ –∏–Ω—Ç–µ—Ä–µ—Å–Ω—ã–π —á–µ–ª–æ–≤–µ–∫. –í —á–∏—Å–ª–µ –µ–≥–æ –ª–∏—á–Ω—ã—Ö –ø–æ–±–µ–¥ - –ø—É—Ç–µ—à–µ—Å—Ç–≤–∏–µ –Ω–∞ –≤–µ–ª–æ—Å–∏–ø–µ–¥–µ –æ—Ç –ß–µ–ª—è–±–∏–Ω—Å–∫–∞ –¥–æ –ë–∞–π–∫–∞–ª–∞... –ü—Ä–∏–µ—Ö–∞–ª –∫ –Ω–∞–º –ø–æ–º–æ—á—å –≤ –æ—Ä–≥–∞–Ω–∏–∑–∞—Ü–∏–∏ —Å–µ–º–∏–Ω–∞—Ä–∞ –ú—É—Ö—Ç–∞—Ä–∞. –ü—Ä–æ—Å—Ç–æ –≤–∑—è–ª –∏ –ø—Ä–∏–µ—Ö–∞–ª –∏–∑ –ß–µ–ª—è–±–∏–Ω—Å–∫–∞ –∏ –Ω–∞—á–∞–ª –ø–æ–º–æ–≥–∞—Ç—å... ))üëç #–º–æ–∂–µ—Ç–∫–∞–∂–¥—ã–π,rusentiment,1
172615,"–†–µ–±—ë–Ω–æ–∫ –≤ —Å–∞–¥–∏–∫ –æ—Ç—Ö–æ–¥–∏–ª –≥–æ–¥, –∏–∑ –Ω–∏—Ö –ø–æ–ª –≥–æ–¥–∞ –ø—Ä–æ—Å—Ç–æ –Ω–∞ –±–æ–ª—å–Ω–∏—á–Ω–æ–º. –ù–∞ –≤–æ–ø—Ä–æ—Å –ø–æ—á–µ–º—É –¥–µ—Ç–µ–π –Ω–µ –æ—Å–º–∞—Ç—Ä–∏–≤–∞–µ—Ç —É—Ç—Ä–æ–º –º–µ–¥—Å–µ—Å—Ç—Ä–∞, –æ—Ç–≤–µ—Ç –¥–∞–ª–∏ –ø—Ä–æ—Å—Ç–æ–π -–æ–Ω–∞ –∂ –Ω–µ –≤—Ä–∞—á!!! –ó–∞—á–µ–º —Ç–æ–≥–¥–∞ –æ–Ω–∞ –Ω—É–∂–Ω–∞ –≤ —Å–∞–¥–∏–∫–µ? –¢–æ–ª—å–∫–æ –ø—Ä–æ–±—ã —Å –ø–∏—â–∏ —Å–Ω–∏–º–∞—Ç—å? –í –≥—Ä—É–ø–ø–µ –≥—Ä—è–∑–Ω–æ, –∏–≥—Ä—É—à–∫–∏ –Ω–µ –º—ã–ª–∏—Å—å –Ω–∏ —Ä–∞–∑—É! –ï—Å–ª–∏ —á—Ç–æ-—Ç–æ –Ω–∞–¥–æ -–≤—Å–µ —Ä–æ–¥–∏—Ç–µ–ª–∏! –≠–ª–µ–º–µ–Ω—Ç–∞—Ä–Ω–æ, –æ–∫–Ω–∞ –º—ã—Ç—å –¥–æ–ª–∂–Ω—ã —Ç–æ–∂–µ —Ä–æ–¥–∏—Ç–µ–ª–∏! –ö—Ä–∏–∫ –¥—É—à–∏! –ù–∞–∫–∏–ø–µ–ª–æ! –ó–∞–≤–µ–¥—É—é—â–∞—è –±–µ–∑–¥–µ–π—Å—Ç–≤—É–µ—Ç! –ù–µ —Ä–∞–∑ –ø—Ä–∏—Ö–æ–¥–∏–ª–∏ –Ω–∞ —Ä–∞–∑–≥–æ–≤–æ—Ä! –ò–∑–º–µ–Ω–µ–Ω–∏–π –Ω–µ –≤–∏–¥–∏–º!!!
",geo,2
246532,–ó–∞–º–µ—Ä–∑–ª–∞ –Ω–∞ -15,perekrestok,2
209852,"–ö–∞–∫ –≤—Å–µ–≥–¥–∞, –Ω–∞–∑–≤–∞–Ω–∏–µ –Ω–µ —Å–æ–æ—Ç–≤–µ—Ç—Å—Ç–≤—É–µ—Ç –∏—Å—Ç–∏–Ω–Ω–æ–º—É –ø–µ—Ä–µ–≤–æ–¥—É Duplicity - –¥–≤—É–ª–∏—á–Ω–æ—Å—Ç—å!

–≠—Ç–æ –±—ã–ª–æ –ø–µ—Ä–≤–æ–µ —á—Ç–æ –º–µ–Ω—è –Ω–∞–ø—Ä—è–≥–ª–æ. –ö–∞–∫ —Ç–æ —Ç–∞–∫ —Å—Ç–µ—á–µ–Ω–∏–µ–º –æ–±—Å—Ç–æ—è—Ç–µ–ª—å—Å—Ç–≤ –Ω–µ —Å–º–æ–≥–ª–∞ –ø–æ—Å–º–æ—Ç—Ä–µ—Ç—å —Ñ–∏–ª—å–º –≤ –∫–∏–Ω–æ—Ç–µ–∞—Ç—Ä–µ, –∏ –≤ –ø—Ä–∏–Ω—Ü–∏–ø–µ –º–Ω–æ–≥–æ –Ω–µ –ø–æ—Ç–µ—Ä—è–ª–∞. 

–ö–∏–Ω–æ—à–∫–∞ –∑–∞—Ä–∞–Ω–µ–µ –∏–Ω—Ç—Ä–∏–≥—É–µ—Ç —Å –ø–µ—Ä–≤—ã—Ö –º–∏–Ω—É—Ç —Ñ–∏–ª—å–º–∞, –Ω–æ —á–µ–º –¥–∞–ª—å—à–µ –≤ –ª–µ—Å –∫–∞–∫ –≥–æ–≤–æ—Ä–∏—Ç—Å—è, —Ç–µ–º –∂–∏—Ä–Ω–µ–µ –ø–∞—Ä—Ç–∏–∑–∞–Ω–µ, –∏ —Ç–µ–º —Ç–µ–º–Ω–µ–µ –∫—É—â–∏ –ª–µ—Å–∏—Å—Ç—ã–µ. –í—Å–µ –∑–∞–º–æ—Ä–æ—á–µ–Ω–æ –Ω–∞ –Ω–µ—Ç. –≠—Ç–æ –∂–µ –Ω–∞–¥–æ –±—ã–ª–æ –≤—ã—Å–º–µ—è—Ç—å, –≤—ã—Å—Ç–∞–≤–∏—Ç—å –≤ —Å–∞–º–æ–º –Ω–µ–ø–æ–¥–æ–±–∞—é—â–µ–º —Å–≤–µ—Ç–µ –∞–º–µ—Ä–∏–∫–∞–Ω—Å–∫—É—é –∫–æ–Ω—Ç—Ä—Ä–∞–∑–≤–µ–¥–∫—É. 

–§–∏–ª—å–º —É–∂–µ –∫ —Å–µ—Ä–µ–¥–∏–Ω–µ –Ω–∞—á–∏–Ω–∞–µ—Ç –Ω–µ—Ä–µ–∞–ª—å–Ω–æ –Ω–∞–ø—Ä—è–≥–∞—Ç—å —Å–≤–æ–µ–π –∑–∞–Ω—É–¥–ª–∏–≤–æ—Å—Ç—å—é –∏ –∑–∞–º–æ—Ä–æ—á–∫–æ–π. –û—á–µ–Ω—å –º–Ω–æ–≥–æ —Å–ª—è–º–∑–µ–Ω–Ω—ã—Ö –º–æ–º–µ–Ω—Ç–æ–≤. –í—ã—Ä–≤–∞–Ω–æ –∫—É—Å–∫–∞–º–∏ —Ç–∞–º –∏ —Ç–∞–º, –æ—Ç –Ω–∞—á–∞–ª–∞ –¥–æ –∫–æ–Ω—Ü–æ–≤–∫–∏. –ï—Å–ª–∏ —Å–æ–±—Ä–∞—Ç—å —Ñ–∏–ª—å–º –≤ –∫—É—á—É, –∫–∞–∫ –ø–∞–∑–ª—ã, —Ç–æ –≤—Å–µ –ø–æ–Ω—è—Ç–Ω–æ, –Ω–æ –∑–∞–º—É–¥—Ä–µ–Ω–Ω–æ—Å—Ç—å –Ω–∞ —Ç–æ –∏ –µ—Å—Ç—å —á—Ç–æ–±—ã –∑–∞–∏–Ω—Ç–µ—Ä–µ—Å–æ–≤–∞—Ç—å –∑—Ä–∏—Ç–µ–ª—è. 

–ö–ª–∞–π–≤ –û—É—ç–Ω –≤–æ–æ–±—â–µ –Ω–∞ –≤—ã—Å–æ—Ç–µ, —É–º–µ–µ—Ç –æ–Ω –∏–≥—Ä–∞—Ç—å —à–ø–∏–æ–Ω–æ–≤, —Ö–æ—Ä–æ—à–∏—Ö –¥—è–¥–µ–π, –ø–æ—Ç—Ä—è—Å–Ω—ã—Ö –≤–ª—é–±–ª–µ–Ω–Ω—ã—Ö, –∏ –≥–æ—Ä—è—á–∏—Ö –ª—é–±–æ–≤–Ω–∏–∫–æ–≤. –≠—Ç–æ –µ–≥–æ —Å—Ç–∏—Ö–∏—è.

–î–∂. –†–æ–±–µ—Ä—Ç—Å —Ä–∞–∑–æ—á–∞—Ä–æ–≤–∞–ª–∞. –ù–µ —è–≤–ª—è—é—Å—å —Ñ–∞–Ω–∞—Ç–∫–æ–π —ç—Ç–æ–π –∞–∫—Ç—Ä–∏—Å—ã, –∏ —Å—á–∏—Ç–∞—é –µ–µ –æ—á–µ–Ω—å –∑–∞–∑–≤–µ–∑–¥–∏–≤—à–µ–π—Å—è. –û–Ω–∞ —É–∂–µ —Å—Ç–∞–ª–∞ –Ω–µ–º–Ω–æ–≥–æ —Å–≥–∏–±–∞—Ç—å—Å—è –ø–æ–¥ —Ç—è–∂–µ—Å—Ç—å—é –∫–æ—Ä–æ–Ω—ã. –ò –∏–≥—Ä–∞ –µ–µ —Å–æ–≤—Å–µ–º –Ω–µ –≤–ø–µ—á–∞—Ç–ª–∏–ª–∞. –ù–æ –æ–Ω–∏ –æ—á–µ–Ω—å —Ö–æ—Ä–æ—à–æ –≤–º–µ—Å—Ç–µ —Å–º–æ—Ç—Ä—è—Ç—Å—è.

–û—Ü–µ–Ω–∫–∞ 4 –∏–∑ 10 –∏ —Ç–æ –∑–∞ –û—É—ç–Ω–∞ –∏ –∑–∞ –∑–∞–º—ã—Å–ª–æ–≤–∞—Ç—ã–π —Å—é–∂–µ—Ç!",kinopoisk,0
27996,"–û—á–µ–Ω—å –¥–æ–ª–≥–æ,–Ω—É –ø—Ä—è–º –æ—á–µ–Ω—å, –¥–≤–µ –Ω–µ–¥–µ–ª–∏ —Ç–æ–ª—å–∫–æ –æ–±—Ä–∞–±–∞—Ç—ã–≤–∞–ª–∏ –∑–∞–∫–∞–∑, –±–æ–ª—å—à–µ –º–µ—Å—è—Ü–∞ —à–ª–∞ –ø–æ—Å—ã–ª–∫–∞. –Æ–±–∫–∞ –ø–æ —Å–µ–±–µ —Ö–æ—Ä–æ—à–∞—è, –±—ã–ª –∑–∞–ø–∞—Ö, –ø—Ä–æ–ø–∞–ª. –° —Ä–∞–∑–º–µ—Ä–æ–º —É–≥–∞–¥–∞–ª–∞ –ú.",rureviews,0
39836,"–û—á–µ–Ω—å –ø–æ–Ω—Ä–∞–≤–∏–ª–∏—Å—å —à—Ç–∏–Ω–∏—à–∫–∏))) –∫–∞—á–µ—Å—Ç–≤–æ —Å—É–ø–µ—Ä! —Ä–µ–∫–æ–º–µ–Ω–¥—É—é, –Ω–µ –ø–æ–∂–∞–ª–µ–µ—Ç–µ! –Ω–∞ —Ä–æ—Å—Ç 160 —Å–º –æ–± 92 –≤–∑—è–ª–∞ –ú –ø–æ–¥–æ—à–ª–∏ –∏–¥–µ–∞–ª—å–Ω–æ))) —Å –ø—Ä–æ–¥–∞–≤—Ü–æ–º –Ω–µ –æ–±—â–∞–ª–∞—Å—å, –Ω–µ –±—ã–ª–æ –Ω—É–∂–¥—ã)))) –Ω–æ —Å–ø–∞—Å–∏–±–æ –µ–º—É –∑–∞ –º–∞–ª–µ–Ω—å–∫–∏–π –ø–æ–¥–∞—Ä–æ—á–µ–∫)))",rureviews,1
48753,"–§—É—Ç–±–æ–ª–∫–∞ –∫–ª–∞—Å—Å–Ω–∞—è,–∫–∞—á–µ—Å—Ç–≤–æ –æ—Ç–ª–∏—á–Ω–æ–µ",rureviews,1
273666,"–î–æ—Å—Ç–æ–∏–Ω—Å—Ç–≤–∞:
–ü—Ä–∏—è—Ç–Ω—ã–π –¥–ª—è –∫–æ–∂–∏,–ø—Ä–∏—è—Ç–Ω–æ –ø–∞—Ö–Ω—É—à–∏–π.

–ù–µ–¥–æ—Å—Ç–∞—Ç–∫–∏:
–ù–µ—Ç—É —Ç–µ–ª–æ–∫!

–ö–ª–∞—Å—Å–Ω—ã–π –∑–∞–ø–∞—Ö.",perekrestok,1
46430,"–ü–æ–∫—É–ø–∫–æ–π –¥–æ–≤–æ–ª—å–Ω–∞! –ù–∞ —Ä–æ—Å—Ç 175—Å–º, –û–ì 105—Å–º —Å–µ–ª–∞ —Ö–æ—Ä–æ—à–æ. –î–ª–∏–Ω—É –≤–æ–¥–æ–ª–∞–∑–∫–∏ —Ö–æ—Ç–µ–ª–æ—Å—å –±—ã —á—É—Ç—å –¥–ª–∏–Ω–Ω–µ–µ, –∞ —Ç–∞–∫ –≤—Å–µ —É—Å—Ç—Ä–∞–∏–≤–∞–µ—Ç. –°–ø–∞—Å–∏–±–æ –ø—Ä–æ–¥–∞–≤—Ü—É! –£–î–ê–ß–ò!",rureviews,1
133872,"–û—á–µ—Ä–µ–¥—å –±–æ–ª—å—à–∞—è, —Ö–æ—Ç—è –≤—Å—ë –ø–æ –∑–∞–ø–∏—Å–∏. –ê —Ç–∞–∫ –≤—Å—ë —Ö–æ—Ä–æ—à–æ, –ø–µ—Ä—Å–æ–Ω–∞–ª –ø—Ä–∏–≤–µ—Ç–ª–∏–≤—ã–π, –ú–†–¢ –¥–µ–ª–∞—é—Ç —Ö–æ—Ä–æ—à–æ, –Ω–æ –∫–∞–∫ —è —É–∂–µ —Å–∫–∞–∑–∞–ª–∞ - –µ–¥–∏–Ω—Å—Ç–≤–µ–Ω–Ω—ã–π –º–∏–Ω—É—Å —ç—Ç–æ –æ—á–µ—Ä–µ–¥—å
",geo,0
184019,"–î–∞–≤–Ω–æ –Ω–∞—Ö–æ–∂—É—Å—å –≤ –ø–æ–∏—Å–∫–µ —Ö–æ—Ä–æ—à–µ–π —Å—Ç—É–¥–∏–∏ –¥–ª—è –º–∞–Ω–∏–∫—é—Ä–∞ –∏ –≤ —ç—Ç–æ—Ç —Ä–∞–∑ –≤—ã–±–æ—Ä –ø–∞–ª –Ω–∞ –ö–∏—Å—Ç–æ—á–∫–∏. \n–ó–∞–ø–∏—Å–∞–ª –º–µ–Ω—è –º–µ–Ω–µ–¥–∂–µ—Ä –Ω–∞ –º–∞–Ω–∏–∫—é—Ä 18 –∏—é–Ω—è, –Ω–æ –∫–æ–≥–¥–∞ —è –ø—Ä–∏—à–ª–∞ –≤ —Å–∞–ª–æ–Ω –ø–æ—Å–ª–µ 20 –º–∏–Ω—É—Ç –æ–∂–∏–¥–∞–Ω–∏—è –º–∞—Å—Ç–µ—Ä–∞ –º–Ω–µ —Å–∫–∞–∑–∞–ª–∏, —á—Ç–æ –º–∞—Å—Ç–µ—Ä –Ω–µ —Å–º–æ–∂–µ—Ç —Å–¥–µ–ª–∞—Ç—å –º–∞–Ω–∏–∫—é—Ä, —Ç–∞–∫ –∫–∞–∫ –æ–Ω –Ω–µ —É—Å–ø–µ–≤–∞–µ—Ç, –∞ —É –Ω–µ–≥–æ –µ—â—ë –ø–µ–¥–∏–∫—é—Ä. \n–ù–µ –ø–æ–Ω—è—Ç–Ω–æ, –∫–∞–∫ –∑–∞–ø–∏—Å—ã–≤–∞—é—Ç –º–µ–Ω–µ–¥–∂–µ—Ä—ã –∫–ª–∏–µ–Ω—Ç–æ–≤, –µ—Å–ª–∏ –º–∞—Å—Ç–µ—Ä –Ω–µ —É—Å–ø–µ–≤–∞–µ—Ç.
",geo,2
146049,"–†–∞–Ω—å—à–µ –±—ã–ª —Ä—ã–Ω–æ–∫ –∫–∞–∫ —Ä—ã–Ω–æ–∫, –∞ —Å–µ–π—á–∞—Å —Å–æ–≤—Å–µ–º –Ω–µ —Ç–æ, –º—è—Å–æ –∫—É–ø–∏—Ç—å, —ç—Ç–æ —Ç–æ–ª—å–∫–æ –Ω–∞–∫–∞—á–∞–Ω–æ–µ –≤–æ–¥–æ–π  , –µ—Å–ª–∏ —Ä—ã–±–∞ —Ç–æ –≤ –æ—Å–Ω–æ–≤–Ω–æ–º –µ—Å–ª–∏ –Ω–µ –ø—Ä–æ—Å—Ä–æ—á–µ–Ω–Ω–∞—è —Ç–æ –∫–∞—à–∞ –∞ –Ω–µ —Ä—ã–±–∞, –∞–¥–º–∏–Ω–∏—Å—Ç—Ä–∞—Ü–∏—è —Å–º–æ—Ç—Ä–∏—Ç –Ω–∞ —ç—Ç–æ —Å–∫–≤–æ–∑—å –ø–∞–ª—å—Ü–µ–≤, –∞—Ä–µ–Ω–¥—É –ø–ª–∞—Ç—è—Ç –∏ —Ö–æ—Ä–æ—à–æ, –∞ —Ç–∞–∫ —Ö–æ—Ç–µ–ª–æ—Å—å –±—ã —á—Ç–æ–± –Ω–∞—à —Ä—ã–Ω–æ–∫ –±—ã–ª –∫–∞–∫ —Ä–∞–Ω—å—à–µ, –±–æ–ª–µ–µ –¥—É—à–µ–≤–Ω–µ–π, –¥–ª—è –ø–æ–∫—É–ø–∞—Ç–µ–ª—è, –∞ –Ω–µ –∫–∞–∫ —Å–µ–π—á–∞—Å, –ø—Ä–µ–≤—Ä–∞—Ç–∏–ª–∏ –µ–≥–æ –≤ —Ç–æ—Ä–≥–æ–≤—ã–π —Ü–µ–Ω—Ç—Ä, –≥–¥–µ –¥—É—à–∏ –Ω–µ—Ç
",geo,0
283744,"–≠—Ñ—Ñ–µ–∫—Ç –∑–∞–º–µ—á–∞—Ç–µ–ª—å–Ω—ã–π, –ø–æ–º–æ–≥–∞–µ—Ç –¥–∞–∂–µ –≤ –∑–∏–º–Ω–µ–µ –≤—Ä–µ–º—è!",perekrestok,1
172291,"–ë—ã–ª–∏ –≤ —é–Ω–∏—Ç–∏ –ø–µ—Ç—Ä–æ–≥—Ä–∞–¥–∫–∞ 07.04, –∏—Å–ø–æ—Ä—Ç–∏–ª–∏ –≤–µ—á–µ—Ä!!! –ë—ã–ª–∏ —Å –¥—Ä—É–∑—å—è–º–∏, –æ–¥–∏–Ω –∏–∑ –≥–æ—Å—Ç–µ–π –ø—Ä–∏—à–µ–ª –≤ —Å–ø–æ—Ä—Ç–∏–≤–Ω–æ–º —Å—Ç–∏–ª–µ –æ–¥–µ–∂–¥—ã, –æ—Ö—Ä–∞–Ω–∞ –≤—Å—Ç–∞–ª–∞ —Å—Ç–µ–Ω–æ–π –Ω–∞ –≤—Ö–æ–¥–µ, –∫–∞–∫ –±—É–¥—Ç–æ –º—ã –Ω–∞ –Ω–∏—Ö –≤ –±–æ–π –∏–¥–µ–º,  –∏ –≤ –∏—Ç–æ–≥–µ –¥—Ä—É–∑–µ–π –Ω–µ –ø—É—Å—Ç–∏–ª–∏ –≤ —Ä–µ—Å—Ç–æ—Ä–∞–Ω –∏–∑-–∑–∞ –¥—Ä–µ—Å—Å-–∫–æ–¥–∞. –ò –≤—Å–µ –±—ã –Ω–∏—á–µ–≥–æ –µ—Å–ª–∏ –±—ã –æ –Ω–µ–º –∑–Ω–∞–ª–∏ –∑–∞—Ä–∞–Ω–µ–µ, –Ω–æ –Ω–∏ –ø—Ä–∏ –±—Ä–æ–Ω–∏ —Å—Ç–æ–ª–∞,—Ö–æ—Ç—è –∑–≤–æ–Ω–∏–ª–∏ –Ω–µ—Å–∫–æ–ª—å–∫–æ —Ä–∞–∑ –∑–∞—Ä–∞–Ω–µ–µ –∏ –≤—Å–µ —É—Ç–æ—á–Ω—è–ª–∏, –Ω–∏ –≤ –ø–µ—Ä–µ–ø–∏—Å–∫–µ —Å –∞–¥–º–∏–Ω–∏—Å—Ç—Ä–∞—Ç–æ—Ä–æ–º, –Ω–∏ –Ω–∞ —Å–∞–π—Ç–µ –∏–Ω—Ñ–æ—Ä–º–∞—Ü–∏–∏ –æ –¥—Ä–µ—Å—Å –∫–æ–¥–µ –Ω–µ—Ç –∏ –Ω–∏ –∫—Ç–æ –Ω–∏—á–µ–≥–æ –Ω–µ —Å–∫–∞–∑–∞–ª!  –°—Ä–∞–∑—É —Å–æ –≤—Ö–æ–¥–∞ –ø–æ—à–µ–ª –Ω–µ–≥–∞—Ç–∏–≤, –Ω–∞—Å—Ç—Ä–æ–µ–Ω–∏–µ –∏—Å–ø–æ—Ä—á–µ–Ω–æ! –õ–∞–¥–Ω–æ, —á–∞—Å—Ç—å –∫–æ–º–ø–∞–Ω–∏–∏ —É–µ—Ö–∞–ª–∞ —Ç–∞–∫ –∏ –Ω–µ –ø–æ–±—ã–≤–∞–≤ —É –≤–∞—Å,–¥–∞–ª–µ–µ –ø–æ–∫–∞ —Å–∏–¥–µ–ª–∏ –Ω–µ–ø–æ–Ω—è—Ç–Ω–æ —á—Ç–æ —Å–ª—É—á–∏–ª–æ—Å—å, –Ω–æ –≤–æ–∑–ª–µ –Ω–∞—à–µ–≥–æ —Å—Ç–æ–ª–∞ —Ä–∞–∑–±–∏–ª–∏ –∫–∞–∫–æ–π-—Ç–æ —Å–æ—É—Å, –≤ –∏—Ç–æ–≥–µ –≤—Å—è —Å–ø–∏–Ω–∞ –Ω–∞ —Å–≤–µ—Ç–ª–æ–π —Ä—É–±–∞—à–∫–µ –º—É–∂–∞ –≤ –∂–∏—Ä–Ω—ã—Ö –ø—è—Ç–Ω–∞—Ö + –º–æ–µ –ø–ª–∞—Ç—å–µ –≤ –ø—è—Ç–Ω–∞—Ö, –æ—á–µ–Ω—å —Ö–æ—á–µ—Ç—Å—è –≤–µ—Ä–∏—Ç—å —á—Ç–æ –æ–Ω–∏ –æ—Ç—Å—Ç–∏—Ä–∞—é—Ç—Å—è, –ø—Ä–∏ —ç—Ç–æ–º –¥–∞–∂–µ –Ω–∏ –∫—Ç–æ –Ω–µ –∏–∑–≤–∏–Ω–∏–ª—Å—è –∑–∞ —ç—Ç–æ + –æ–∫–æ–ª–æ –Ω–∞—à–µ–≥–æ —Å—Ç–æ–ª–∞ –¥–æ–ª–≥–æ –±—ã–ª–∏ —Ä–∞–∑–±–∏—Ç—ã–µ –æ—Å–∫–æ–ª–∫–∏ –≤ –ª—É–∂–µ –∏ –∏—Ö –Ω–µ —Ç–æ—Ä–æ–ø–∏–ª–∏—Å—å —É–±–∏—Ä–∞—Ç—å. –î–∞–ª–µ–µ –∑–∞ –≤—Å–µ —ç—Ç–æ —Ö–æ—Ç–µ–ª–∏ –≤–∑—è—Ç—å —Å–µ—Ä–≤–∏—Å–Ω—ã–π —Å–±–æ—Ä –æ—Ç —Å—á–µ—Ç–∞, —Ö–æ—Ç—è –ø—Ä–∏ –±—Ä–æ–Ω–∏ –Ω–∞–º —Ç–æ—á–Ω–æ —Å–∫–∞–∑–∞–ª–∏, —á—Ç–æ 6 —á–µ–ª –±–µ–∑ —Å–µ—Ä–≤–∏—Å–Ω–æ–≥–æ —Å–±–æ—Ä–∞! –í–æ–æ–±—â–µ–º –≤–µ—á–µ—Ä –∏—Å–ø–æ—Ä—Ç–∏–ª–∏, —Ä–µ–∫–æ–º–º–µ–Ω–¥–æ–≤–∞—Ç—å –¥–∞–Ω–Ω–æ–µ –∑–∞–≤–µ–¥–µ–Ω–∏–µ –Ω–µ –±—É–¥—É, —Å–∞–º–∏ —Å–∫–æ—Ä–µ–µ –≤—Å–µ–≥–æ –Ω–µ –≤–µ—Ä–Ω–µ–º—Å—è! –ú–µ–Ω—è–π—Ç–µ —Å–≤–æ—é –ø–æ–ª–∏—Ç–∏–∫—É –æ–±—â–µ–Ω–∏—è —Å –∫–ª–∏–µ–Ω—Ç–∞–º–∏, –æ—Å–æ–±–µ–Ω–Ω–æ –∞–¥–º–∏–Ω–∏—Å—Ç—Ä–∞—Ç–æ—Ä + –ª—É—á—à–µ –æ–±—É—á–∞–π—Ç–µ –ø–µ—Ä—Å–æ–Ω–∞–ª, —á—Ç–æ–±—ã –æ–Ω–∏ —Å–≤–æ–µ–≤—Ä–µ–Ω–Ω–æ —É–≤–µ–¥–æ–º–ª—è–ª–∏ –æ –≤—Å–µ—Ö –ø—Ä–∞–≤–∏–ª–∞—Ö –∑–∞–≤–µ–¥–µ–Ω–∏—è! 
",geo,2
2987,"–ú–Ω–µ –º–∞–ª–µ–Ω—å–∫–∏–µ, —è —Ä–æ—Å—Ç–æ–º 170—Å–º",rureviews,0
93000,"–ö–æ—Ä–æ—Ç–∫–æ –æ —Å–µ–∑–æ–Ω–µ: –ù–µ–ø—Ä–µ–∫—Ä–∞—â–∞—é—â–∏–π—Å—è –≠–ø–∏–∫ –§–ª–µ–∫—Å –≤—Å–µ—Ö –Ω–∞–¥ –≤—Å–µ–º–∏. –ë–æ–µ—Ü –ë–æ–∫–∏ –≤—Å–µ–≥–¥–∞ –±—ã–ª –±–µ–∑—É–º–µ–Ω, –Ω–æ –≤ —ç—Ç–æ–º —Å–µ–∑–æ–Ω–µ —ç—Ç–æ –±–µ–∑—É–º–∏–µ –ø—Ä—è–º –ø—Ä—ë—Ç –∏–∑ –≤—Å–µ—Ö —â–µ–ª–µ–π. –ò —ç—Ç–æ –æ–ø—Ä–µ–¥–µ–ª—ë–Ω–Ω–æ —Ç–æ—Ç —Å–ª—É—á–∞–π, –∫–æ–≥–¥–∞ –∞–¥–∞–ø—Ç–∞—Ü–∏—è –æ—Ç –ù–µ—Ç—Ñ–ª–∏–∫—Å–∞ - —ç—Ç–æ –≤–∏–Ω. –û—Ç–æ—Ä–≤–∞–Ω–Ω—ã–µ –ª–∏—Ü–∞, –ª–µ—Ç–∞—é—â–∏–µ –∑—É–±—ã, –¥—Ä–µ–≤–Ω–µ–µ –∏—Å–∫—É—Å—Å—Ç–≤–æ —É–¥–∞—Ä–æ–≤ –ø–æ —à–∞—Ä–∞–º, –æ—Ç–∫—Ä—ã—Ç—ã–µ –ø–µ—Ä–µ–ª–æ–º—ã - –±–µ—Å—Å–º—ã—Å–ª–µ–Ω–Ω–æ–µ, –Ω–æ —á—ë—Ä—Ç –≤–æ–∑—å–º–∏ –≤–µ—Å—ë–ª–æ–µ —Å—Ç–∞—Ä–æ–µ –¥–æ–±—Ä–æ–µ —É–ª—å—Ç—Ä–∞–Ω–∞—Å–∏–ª–∏–µ.–ï—Å–ª–∏ –≤ –ø–µ—Ä–≤—ã—Ö —Å–µ–∑–æ–Ω–∞—Ö —Ö–æ—Ç—å –∏–Ω–æ–≥–¥–∞, –Ω–æ –ø—Ä–æ—Å–∫–∞–ª—å–∑—ã–≤–∞–ª–∞ –∏–Ω—Ç—Ä–∏–≥–∞ –≤ –±–æ—è—Ö, —Ç–æ –∑–¥–µ—Å—å –æ–∫–æ–Ω—á–∞—Ç–µ–ª—å–Ω–æ —Å–¥–µ–ª–∞–ª–∏ —É–ø–æ—Ä –Ω–µ –≤ —Ç–æ, –∫—Ç–æ –ø–æ–±–µ–¥–∏—Ç, –∞ –≤ —Ç–æ, –Ω–∞—Å–∫–æ–ª—å–∫–æ –º–æ—â–Ω—ã–º –±—É–¥–µ—Ç —Ñ–ª–µ–∫—Å –ø–æ–±–µ–¥–∏—Ç–µ–ª—è –Ω–∞–¥ –ø—Ä–æ–∏–≥—Ä–∞–≤—à–∏–º.–ò–∑ –Ω–æ–≤—ã—Ö –ø–µ—Ä—Å–æ–Ω–∞–∂–µ–π –∑–∞—à—ë–ª –î–∑—è–∫—É, –æ—á–µ–Ω—å —Ö–∞—Ä–∏–∑–º–∞—Ç–∏—á–Ω—ã–π –ø–æ–ª—É–¥–µ–¥ –∏ –õ–µ–≥–µ–Ω–¥–∞—Ä–Ω—ã–π –¥–µ–¥ –ö–∞–∫—É –ö–∞–π–æ, –∫–æ—Ç–æ—Ä—ã–π –≤–µ—Ä—Ç–µ–ª —Å–º–µ—Ä—Ç—å –Ω–∞ —Å–≤–æ—ë–º 150-–ª–µ—Ç–Ω–µ–º –ø—Ä–∏–±–æ—Ä–µ. –ë–∞–∫–∏ –ø—Ä–æ–¥–æ–ª–∂–∏–ª —Å–≤–æ–π –ø—É—Ç—å –∫ –ì–ê–†–Ω–æ—Å—Ç–∏, –Ω—É –∞ –∫–∞–∫ –∏–Ω–∞—á–µ, –≤–µ–¥—å –º—ã –∑–Ω–∞–µ–º —Å–∞–º—ã–π —ç—Ñ—Ñ–µ–∫—Ç–∏–≤–Ω—ã–π —Å–ø–æ—Å–æ–± —Å—Ç–∞—Ç—å —Å–∞–º—ã–º —Å–∏–ª—å–Ω—ã–º —á–µ–ª–æ–≤–µ–∫–æ–º –Ω–∞ –ó–µ–º–ª–µ (—Å–µ–∫—Å). –ê–ª–∏-–º–ª–∞–¥—à–∏–π - —ç—Ç–æ –¥–∏–∫–∏–π —Ä–æ—Ñ–ª –æ—Ç –º–∞–Ω–≥–∞–∫–∏, –æ—á–µ–≤–∏–¥–Ω–∞—è –æ—Ç—Å—ã–ª–∫–∞ –∫ —ç—Ç–æ–º—É –º–µ–º—É –∏–∑ –ñ–∏–∂–∏612x344–ù—É —Å–µ—Ä—å—ë–∑–Ω–æ, —Ç–∞–∫ —Ö–∞–π–ø–∏—Ç—å –ø–µ—Ä—Å–æ–Ω–∞–∂–∞, —á—Ç–æ–± –ø—Ä–µ–≤—Ä–∞—Ç–∏—Ç—å –µ–≥–æ –≤ –º–µ—à–æ–∫ –¥–ª—è –∏–∑–±–∏–µ–Ω–∏–π.–í –æ–±—â–µ–º, –ë–æ–µ—Ü –ë–æ–∫–∏ - –æ–Ω—è–º–∞ —è–≤–Ω–æ –Ω–µ –¥–ª—è –≤—Å–µ—Ö –∏ —è–≤–Ω–æ –Ω–µ —à–µ–¥–µ–≤—Ä, –Ω–æ —Å–æ —Å–≤–æ–µ–π —Ä–æ–ª—å—é –∫–∞—á–µ—Å—Ç–≤–µ–Ω–Ω–æ–≥–æ —Ç—Ä–µ—à–∞–∫–∞ —Å –Ω–∞—Å–∏–ª–∏–µ–º –∏ —Ñ–ª–µ–∫—Å–æ–º —Å–ø—Ä–∞–≤–ª—è–µ—Ç—Å—è –Ω–∞ —É—Ä–∞–ü.–°. –í–æ–∑–≤—Ä–∞—â–µ–Ω–∏–µ —Å–ø–æ–π–ª–µ—Ä—Å–º–µ—Ä—Ç–Ω–∏–∫–æ–≤ - —ç—Ç–æ —Å—é—Ä –Ω–∞ —Å–æ–≤–µ—Ä—à–µ–Ω–Ω–æ –¥—Ä—É–≥–æ–º —É—Ä–æ–≤–Ω–µ. –°–ø—è—â–∏–π –Ω–∞ —Å—Ç–µ–Ω–µ –°–∏–∫–æ—Ä—Å–∫–∏–π, –ò–Ω–≤–∞–ª–∏–¥ –î–∏–æ, –ß–µ–ª–æ–≤–µ–∫-–∫–æ–Ω—Ñ–µ—Ç–∞ —Å –≤–µ—á–Ω—ã–º –¥–Ω—ë–º –Ω–æ–≥, –Ω—É –∏ –∫–æ–Ω–µ—á–Ω–æ, –∞–±—Å–æ–ª—é—Ç–Ω–æ –ª–µ–≥–µ–Ω–¥–∞—Ä–Ω—ã–π –°–ø–µ–∫-–æ–≤–æ—â —Å –µ–≥–æ —Ç—Ä–µ–Ω–∏—Ä–æ–≤–∫–æ–π –≤ –≤–∏–¥–µ –º—ã—Å–ª–µ–Ω–Ω–æ–≥–æ –ø–ª–∞–≤–∞–Ω–∏—è –≤ —Å–ø–µ—Ä–º–µ –±–∞—Ç—Ç–µ—Ä—Ñ–ª—è–µ–º. –í—ã –≤–¥—É–º–∞–π—Ç–µ—Å—å, –Ω–∞—Å–∫–æ–ª—å–∫–æ —ç—Ç–æ —Ç—É–ø–æ: –ú—ã—Å–ª–µ–Ω–Ω–æ–µ –ø–ª–∞–≤–∞–Ω–∏–µ –≤ —Å–ø–µ—Ä–º–µ –±–∞—Ç—Ç–µ—Ä—Ñ–ª—è–µ–º",anime,0
92363,"—Ç–∏–ø–∏—á–Ω—ã–π –≥–∞—Ä–µ–º–Ω–∏–∫ —á—Ç–æ –µ—â—ë —Ç—É—Ç –º–æ–∂–µ—Ç –±—ã—Ç—å. –ù—É –ø–æ–∫–∞–∑–∞–ª–∏ –≤—Å–µ—Ö –±–∞–±—ë—Ö –∏–∑–≤—Ä–∞—â–µ–Ω–∫–∞–º–∏ ""—Ç–∏–ø–æ"" –ø–æ –º–Ω–µ —Ç–∞–∫ –æ–±—ã—á–Ω—ã–µ –±–∞–±—ã –Ω–∏—á–µ–≥–æ –∏–∑–≤—Ä–∞—â–µ–Ω—Å–∫–æ–≥–æ. –í –æ–±—â–µ–º –≤ –∞–Ω–∏–º–µ –≤—ã—Å–∞—Å–∞–ª–∏ —Ç–µ–º—É –∏–∑ –Ω–∏—á–µ–≥–æ, –∫–æ–º–µ–¥–∏—è —Å–∏—Ç—É–∞—Ü–∏–π –∫–æ–ø–∏–ø–∞—Å—Ç –∏–∑ –≤—Å–µ—Ö –¥—Ä—É–≥–∏—Ö –≥–∞—Ä–µ–º–Ω–∏–∫–æ–≤ –≤—Å—ë –ø–æ –Ω–∞–∫–∞—Ç–∞–Ω–Ω–æ–π.",anime,0
229741,"–õ—é–¥–µ–π –≤—ã–≤–æ–¥—è—Ç –∏ –≤–∏–Ω—Ç—è—Ç. 5:50 –ü–∏—à—É—Ç, —á—Ç–æ –ë–µ—Ä–∫—É—Ç –Ω–∞—á–∞–ª —Ä–∞—Å–ø—ã–ª—è—Ç—å —Å–ª–µ–∑–æ—Ç–æ—á–∏–≤—ã–π –≥–∞–∑. –í —Ç–∞–∫–æ–π –¥–∞–≤–∫–µ —ç—Ç–æ –∫–æ–Ω–µ—á–Ω–æ –ø–∏–∑–¥–µ—Ü, –Ω–∞–¥—ã—à–∏—à—Å—è, —É–ø–∞–¥–µ—à—å –∏ —Ç—É—Ç —Ç–æ —Ç–µ–±—è –∏ –∑–∞—Ç–æ–ø—á—É—Ç. –°–µ–π—á–∞—Å —Ç–∞–º –æ—á–µ–Ω—å —Å—Ç—Ä–∞—à–Ω–æ. 5:39 –°—Ç–æ–ª–∫–Ω–æ–≤–µ–Ω–∏–µ –º–∏—Ç–∏–Ω–≥—É—é—â–∏—Ö –∏ –ë–µ—Ä–∫—É—Ç–∞, –≤–∏–¥ —Å –º–æ—Å—Ç–∞ —Å–≤–µ—Ä—Ö—É. –ß–µ—Ä–Ω–æ–µ —Å–ø—Ä–∞–≤–∞ –ë–µ—Ä–∫—É—Ç, –æ—Ä–∞–Ω–∂–µ–≤—ã–µ –∫–∞—Å–∫–∏ —Å–ª–µ–≤–∞ –º–∏—Ç–∏–Ω–≥—É—é—â–∏–µ. 5:31 –ü–æ—Ç–æ–∫ –ë–µ—Ä–∫—É—Ç–∞ –¥–∂–∏—Ñ–∫–æ–π 5:29 –î–∞, —Ç–æ—á–Ω–æ –ø—Ä–æ—Ä–≤–∞–ª–∏, –ë–µ—Ä–∫—É—Ç –ø—Ä–æ—Ä—ã–≤–∞–µ—Ç—Å—è —Å–æ —Å—Ç–æ—Ä–æ–Ω—ã –ò–Ω—Å—Ç–∏—Ç—É—Ç—Å–∫–æ–π —É–ª–∏—Ü—ã 5:26 –°—É–¥—è –ø–æ –≤—Å–µ–º—É, –±–∞—Ä—Ä–∏–∫–∞–¥—É –≤—Å–µ-—Ç–∞–∫–∏ –ø—Ä–æ—Ä–≤–∞–ª–∏ 5:13 –ü–æ–∫–∞ –ë–µ—Ä–∫—É—Ç –ø–∏–∑–¥–∏—Ç –ª—é–¥–µ–π, –∫–æ–º–º—É–Ω–∞–ª—å—â–∏–∫–∏ —Ä–∞–∑–±–∏—Ä–∞—é—Ç –±–∞—Ä—Ä–∏–∫–∞–¥—É. 5:07 –ë–∞—Ä—Ä–∏–∫–∞–¥—É –ø—ã—Ç–∞—é—Ç—Å—è —Ä–∞—Å–ø–∏–ª–∏—Ç—å –±–µ–Ω–∑–æ—Ä–µ–∑–æ–º, –∞–∫—Ç–∏–≤–∏—Å—Ç—ã –≤ –æ—Ç–≤–µ—Ç –∑–∞–∫–∏–¥—ã–≤–∞—é—Ç –ë–µ—Ä–∫—É—Ç –¥—ã–º–æ–≤—É—Ö–∞–º–∏, –∞ —Ç–µ —à–≤—ã—Ä—è—é—Ç –∏—Ö –æ–±—Ä–∞—Ç–Ω–æ.",linis,2
31306,"–ü–ª–∞—Ç—å–µ –∫—Ä–∞—Å–∏–≤–æ–µ, –∫–∞–∫ –Ω–∞ –∫–∞—Ä—Ç–∏–Ω–∫–µ.",rureviews,1
71024,"–¢–æ–≤–∞—Ä –Ω–µ–º–Ω–æ–≥–æ –Ω–µ —Å–æ–æ—Ç–≤–µ—Ç—Å—Ç–≤—É–µ—Ç –æ–ø–∏—Å–∞–Ω–∏—é, —Ç–∫–∞–Ω—å –Ω–µ —Ç–∞–∫–∞—è –ø–ª–æ—Ç–Ω–∞—è –∫–∞–∫ –Ω–∞ —Ñ–æ—Ç–æ–≥—Ä–∞—Ñ–∏—è—Ö, —Ä—É–∫–∞–≤–∞ –Ω–µ —Ñ–æ–Ω–∞—Ä–∏–∫–æ–º –∞ –æ–±—ã—á–Ω–æ–≥–æ –ø–æ—à–∏–≤–∞, —ç—Ç–æ —Ä–∞—Å—Å—Ç—Ä–æ–∏–ª–æ",rureviews,2
269370,"–ü–æ–∫—É–ø–∞–ª–∞ —Ä–∞–∑–Ω—É—é –ø–∞—Å—Ç–∏–ª—É —ç—Ç–æ–≥–æ –ø—Ä–æ–∏–∑–≤–æ–¥–∏—Ç–µ–ª—è –±–µ–∑ —Å–∞—Ö–∞—Ä–∞ (–∫–ª–∞—Å—Å–∏—á–µ—Å–∫—É—é, —Å –∫–ª—é–∫–≤–æ–π), –≤—Å—è –Ω—Ä–∞–≤–∏–ª–∞—Å—å, –Ω–æ –ø–æ—á–µ–º—É-—Ç–æ –∏–º–µ–Ω–Ω–æ —É —ç—Ç–æ–≥–æ –≤–∫—É—Å–∞ —Ç–µ–∫—Å—Ç—É—Ä–∞ —Ä–∞–∑–æ—á–∞—Ä–æ–≤–∞–ª–∞: –≤—è–∑–∫–∞—è, –Ω–∞—Ä–µ–∑–∞—Ç—å –Ω–µ–≤–æ–∑–º–æ–∂–Ω–æ —Å–º–∏–Ω–∞–µ—Ç—Å—è, —Ç—è–Ω–µ—Ç—Å—è –∑–∞ –Ω–æ–∂–æ–º –∏ –ª–∏–ø–Ω–µ—Ç. –ú–æ–∂–µ—Ç –±—ã—Ç—å –ø–∞—Ä—Ç–∏—è –Ω–µ —É–¥–∞—á–Ω–∞—è –ø–æ–ø–∞–ª–∞—Å—å, –Ω–æ –ø—Ä–æ–≤–µ—Ä—è—Ç—å —ç—Ç–æ –∂–µ–ª–∞–Ω–∏—è –Ω–µ—Ç",perekrestok,0
173328,"–°–∫–ª–∞–¥ —Ä–∞–±–æ—Ç–∞–µ—Ç —É–∂–∞—Å–Ω–æ. –ß—Ç–æ–±—ã –∑–∞–≥—Ä—É–∑–∏—Ç—Å—è –Ω—É–∂–Ω–æ –ø—Ä–æ—Å—Ç–æ—è—Ç—å 6-8 —á–∞—Å–æ–≤ –∏ —Ç–æ –Ω–µ –≤—Å–µ–≥–¥–∞   —É—Å–ø–µ–≤–∞—é—Ç –∑–∞–≥—Ä—É–∑–∏—Ç—å. –ü–æ—Ç–æ–º—É —á—Ç–æ –±–∞—Ä–¥–∞–∫ –≤ –æ—Ç–≥—Ä—É–∑–∫–µ. –ï—Å–ª–∏ –≥—Ä—É–∑—è—Ç—Å—è –≤ –Ω–µ—Å–∫–æ–ª—å–∫–∏—Ö —Å–∫–∞–ª–∞–¥–∞—Ö , —Ç–æ –Ω–∞ –æ–¥–Ω–æ–º –∑–∞–≥—Ä—É–∑–∏–ª–∏ –∏ –æ–ø—è—Ç—å —Å—Ç–æ–∏—à—å –≤ –æ—á–µ—Ä–µ–¥–∏ ,—á—Ç–æ–±—ã –∑–∞–≥—Ä—É–∑–∏—Ç—å—Å—è –≤ –¥—Ä—É–≥–æ–º. –í—Å–µ –∫—Ç–æ –ø–æ–∑–∂–µ –í–∞—Å –ø—Ä–∏–µ—Ö–∞–ª –æ–∫–∞–∑—ã–≤–∞—é—Ç—Å—è –≤ –ø–µ—Ä–µ–¥–∏. –†–∞–±–æ—Ç–∞–π—Ç–µ –ª—É—á—à–µ —Å –ì–ö –î–µ–º–∏–¥–æ–≤. –¢–∞–º –¥–µ—à–µ–≤–ª–µ –º–µ—Ç–∞–ª–ª–æ–ø—Ä–æ–∫–∞—Ç –∏ —Å –ø–æ–≥—Ä—É–∑–∫–æ–π –±—ã—Å—Ç—Ä–µ–π.
",geo,2
65793,"–ó–∞–∫–∞–∑ —è –Ω–µ –ø–æ–ª—É—á–∏–ª —Å–æ–≤—Å–µ–º, —Ç–∞–∫ –µ—â—ë –∏ –≤–æ–∑–≤—Ä–∞—Ç –¥–µ–Ω–µ–≥ –Ω–µ —Å–¥–µ–ª–∞–ª–∏. –ù–µ —Å—Ç–æ–∏—Ç –ø–æ–∫—É–ø–∞—Ç—å —É –¥–∞–Ω–Ω–æ–≥–æ –ø—Ä–æ–¥–∞–≤—Ü–∞.",rureviews,2
11235,"–ü–ª–∞—Ç—å–µ —Å—à–∏—Ç–æ —Ö–æ—Ä–æ—à–æ, –Ω–æ –ø–æ —Ä–∞–∑–º–µ—Ä—É –Ω–µ –ø–æ–¥–æ—à–ª–æ, –ø–æ –¥–ª–∏–Ω–µ —Ç–æ–∂–µ..–Ω—É–∂–Ω–æ –±—ã–ª–æ –±—Ä–∞—Ç—å —Å–∫–æ—Ä–µ–µ –≤—Å–µ–≥–æ L..–≤—ã—à–µ –∫–æ–ª–µ–Ω —Å–∞–Ω—Ç–∏–º–µ—Ç—Ä–æ–≤ –Ω–∞ 20..–≤–Ω–∏–∑—É —Ç—É–≥–∞—è —Ä–µ–∑–∏–Ω–∫–∞..–ø—Ä–∏ –ø—Ä–∏–º–µ—Ä–∫–µ –≤—ã–≥–ª—è–¥–µ–ª–æ –Ω–µ —Ç–∞–∫ –∫–∞–∫ –Ω–∞ –∫–∞—Ä—Ç–∏–Ω–∫–µ",rureviews,0
125621,"–†–∞–Ω—å—à–µ –±—ã–ª–æ –ª—É—Å—à–µ, –∞ —Ç–µ–ø–µ—Ä—å –ø–æ—Å—Ç–æ—è–Ω–Ω–æ —É –Ω–∏—Ö –ø—Ä–æ–±–ª–µ–º—ã —Å –ø—Ä–æ–≥—Ä–∞–º–º–æ–π!!! –°–∏–¥–∏—à—å –∏ –∂–¥–µ—à—å- –∫–æ–≥–¥–∞ –æ–Ω–∏ –≤ –∫–æ–º–ø –∑–∞–≥—Ä—É–∑—è—Ç –∏–Ω—Ñ–æ—Ä–º–∞—Ü–∏—é- –ª–µ—Å–∏—Ç—å –≤—Ä–µ–º–µ–Ω–∏ –Ω–µ –æ—Å—Ç–∞–µ—Ç—Å—è!
",geo,0
276185,–ö–æ–≥–¥–∞ –≤—ã—Ö–æ–¥–∏—Ç –≥–∞–∑ –Ω–µ –æ—á–µ–Ω—å –≤–∫—É—Å–Ω–∞—è!,perekrestok,1
161573,"–ß—É–¥–µ—Å–Ω–∞—è –≤—Ä–∞—á –≥–∏–Ω–µ–∫–æ–ª–æ–≥ , –æ—á–µ–Ω—å –≤–Ω–∏–º–∞—Ç–µ–ª—å–Ω–∞—è! –î–µ–ª–∞–ª–∞ —É–∑–∏ , –æ—á–µ–Ω—å –ø–æ–Ω—Ä–∞–≤–∏–ª–æ—Å—å! –ë–æ–ª—å—à–æ–µ —Å–ø–∞—Å–∏–±–æ !–≤—Ä–∞—á –¢—É—Å–º–∞–Ω–æ–≤–∞ –°.–ò. 
",geo,1
213608,"–ù–µ –æ—Å–æ–±–æ –ª—é–±–ª—é —Ñ–∏–ª—å–º—ã, —Å–Ω—è—Ç—ã–µ –Ω–∞ –æ—Å–Ω–æ–≤–µ –∫–æ–º–∏–∫—Å–æ–≤, –Ω–æ ¬´–¢–µ–Ω—å¬ª —è–≤–ª—è—é—Ç—Å—è –∏—Å–∫–ª—é—á–µ–Ω–∏–µ–º –∏–∑ —ç—Ç–æ–≥–æ —á–∏—Å–ª–∞. –ï–≥–æ –º–æ–∂–Ω–æ —Å–º–æ—Ç—Ä–µ—Ç—å –≤—Å–µ–≥–¥–∞ –∏ –≤ –ª—é–±–æ–º –≤–æ–∑—Ä–∞—Å—Ç–µ.  

–ú–Ω–µ –æ—á–µ–Ω—å –Ω—Ä–∞–≤–∏—Ç—Å—è —Å—é–∂–µ—Ç —ç—Ç–æ–≥–æ —Ñ–∏–ª—å–º–∞, –∞ –∏—Å–ø–æ–ª–Ω–∏—Ç–µ–ª—å –≥–ª–∞–≤–Ω–æ–π —Ä–æ–ª–∏ –ê–ª–µ–∫ –ë–æ–ª–¥—É–∏–Ω –∏–≥—Ä–∞–ª –ø—Ä–æ—Å—Ç–æ –±–µ—Å–ø–æ–¥–æ–±–Ω–æ, –µ–≥–æ –õ–∞–º–æ–Ω—Ç - –Ω–∞—Å—Ç–æ—è—â–∏–π –≥–µ—Ä–æ–π, –Ω–∏—á–µ–º –Ω–µ —Ö—É–∂–µ ¬´–ß–µ–ª–æ–≤–µ–∫–∞ –ø–∞—É–∫–∞¬ª –∏ ¬´–ë—ç—Ç–º–∞–Ω–∞¬ª.  –ù–µ—Å–º–æ—Ç—Ä—è –Ω–∞ —Ç–æ, —á—Ç–æ —Ñ–∏–ª—å–º –Ω–µ –Ω–æ–≤—ã–π, –æ–Ω –º–æ–∂–µ—Ç –ø–æ–Ω—Ä–∞–≤–∏—Ç—Å—è –∏ –∑–∞–∏–Ω—Ç–µ—Ä–µ—Å–æ–≤–∞—Ç—å –º–Ω–æ–≥–∏—Ö. –í —Ñ–∏–ª—å–º–µ –µ—Å—Ç—å –∏ —Å–ø–µ—Ü—ç—Ñ—Ñ–µ–∫—Ç—ã, –∏ –ø–æ–≥–æ–Ω–∏, –ª—é–±–æ–≤—å –∏ –ø–æ—Ç—Ä—è—Å–∞—é—â–∞—è –º—É–∑—ã–∫–∞, –æ—Å–æ–±–µ–Ω–Ω–æ —Å–∞—É–Ω–¥—Ç—Ä—ç–∫ –∫ —Ñ–∏–ª—å–º—É,  —ç—Ç–∞ –æ–¥–Ω–∞ –∏–∑ –º–æ–∏—Ö –ª—é–±–∏–º—ã—Ö –ø–µ—Å–µ–Ω. –ê —Å—Ü–µ–Ω—ã —Å –ª–µ—Ç–∞—é—â–∏–º –∫–∏–Ω–∂–∞–ª–æ–º —Å—á–∏—Ç–∞—é—Ç —Å–Ω—è—Ç—ã –ø—Ä–µ–≤–æ—Å—Ö–æ–¥–Ω–æ, –∫–æ–≥–¥–∞ —Å–º–æ—Ç—Ä–µ–ª–∞ –ø–µ—Ä–≤—ã–π —Ä–∞–∑ –ø—Ä—è–º –¥—É—Ö –∑–∞—Ö–≤–∞—Ç–∏–ª–æ. 

–§–∏–ª—å–º —Å—Ç–æ–∏—Ç —Ç–æ–≥–æ, —á—Ç–æ–±—ã –ø–æ—Å–º–æ—Ç—Ä–µ—Ç—å, –∞ –ª—é–±–∏—Ç–µ–ª—è–º —Ñ–∏–ª—å–º–æ–≤, —Å–Ω—è—Ç—ã—Ö –ø–æ –∫–æ–º–∏–∫—Å–∞–º, –∑–∞–ø–æ–ª—É—á–∏—Ç—å –≤ —Å–≤–æ—é –∫–æ–ª–ª–µ–∫—Ü–∏—é.",kinopoisk,1
75421,"–ó–∞–∫–∞–∑ —Ç–∞–∫ –∏ –Ω–µ –ø—Ä–∏—à—ë–ª, –¥–µ–Ω—å–≥–∏ —Ç–∞–∫ –∏ –Ω–µ –≤–µ—Ä–Ω—É–ª–∏, —Ç—Ä–µ–∫ –Ω–µ –æ—Ç—Å–ª–µ–∂–∏–≤–∞–ª—Å—è, –æ—Ç–∫—Ä—ã–≤–∞–ª–∞ —Å–ø–æ—Ä, –Ω–æ —Ç–∞–∫ –∫–∞–∫ —Å–∞–º–∞ –ø—Ä–æ—à–ª—è–ø–∏–ª–∞ —Å—Ä–æ–∫–∏ —Å—Ç—Ä–∞—Ö–æ–≤–∫–∏ –¥–µ–Ω—å–≥–∏ –Ω–µ –≤–µ—Ä–Ω—É–ª–∏",rureviews,2
103909,"–ß—Ç–æ–∂ —è –∂–¥–∞–ª –æ—á–µ–Ω—å –¥–æ–ª–≥–æ, –∫–æ–≥–¥–∞ –Ω–∞–∫–æ–Ω–µ—Ü –≤—ã–π–¥–µ—Ç –¥–∞–Ω–Ω—ã–π —Ç–∞–π—Ç–ª, –∏ –æ—á–µ–Ω—å —Ä–∞–¥ –±—ã–ª —Ç–æ–º—É, —á—Ç–æ –æ–Ω –≤—ã—à–µ–ª. –û–Ω –º–Ω–µ –æ—á–µ–Ω—å –ø–æ–Ω—Ä–∞–≤–∏–ª—Å—è, –Ω–∞–¥–µ—é—Å—å –Ω–∞ –≤—Ç–æ—Ä–æ–π —Å–µ–∑–æ–Ω ( —Ç.–∫. –µ—â—ë –Ω–µ –¥–æ–∫–æ–Ω—Ü–∞ —Ä–∞—Å—Å–∫–∞–∑–∞–ª–∏ –∏ –æ–±—ä—è—Å–Ω–∏–ª–∏ –ø—Ä–∏—á–∏–Ω—É —Ç–æ–≥–æ, –ø–æ—á–µ–º—É –≥–ª–∞–≤–Ω—ã–π –≥–µ—Ä–æ–π –Ω–µ –ø–æ–º–Ω–∏—Ç —á–∞—Å—Ç—å –ø—Ä–æ—à–ª–æ–≥–æ). –û–ø–µ–Ω–∏–Ω–≥ –∏ –µ–Ω–¥–∏–Ω–≥ –º–µ–Ω—è –ø—Ä–∏—è—Ç–Ω–æ —É–¥–∏–≤–∏–ª–∏, –æ–Ω–∏ –º–Ω–µ –ø–æ–Ω—Ä–∞–≤–∏–ª–∏—Å—å. –ü–æ –Ω–∞—á–∞–ª—É –º–Ω–µ –∫–∞–∑–∞–ª–æ—Å—å, —á—Ç–æ –≤—Å–µ –¥–µ–≤—É—à–∫–∏( —Ü—É–Ω–¥–µ—Ä—ã) —É–∂ –ª—é—Ç–æ –∏–∑–¥–µ–≤–∞—é—Ç—Å—è –Ω–∞–¥ –ì–ì. –ö–∞–∫ –∫–æ–º–µ–¥–∏—è –º–Ω–µ –æ—á–µ–Ω—å, –æ—á–µ–Ω—å –ø–æ–Ω—Ä–∞–≤–∏–ª–æ—Å—å –∞–Ω–∏–º–µ, —è –∫–∞–∂–¥—É—é —Å–µ—Ä–∏—é –æ—á–µ–Ω—å —Å–∏–ª—å–Ω–æ —Å–º–µ—è–ª—Å—è, —Ç–æ–ª—å–∫–æ –ø–∞—Ä—É —Ä–∞–∑ –æ—â—É—â–µ–Ω–∏–µ –±—ã–ª–æ, —á—Ç–æ —Ñ–∞–Ω—Å–µ—Ä–≤–∏–∑( –º–Ω–µ —Ç–∞–∫ –ø–æ—Ä–æ–π –∫–∞–∑–∞–ª–æ—Å—å ). –í—Å–µ –ø–µ—Ä—Å–æ–Ω–∞–∂–∏ —Ç—É—Ç —Å–≤–æ–µ–æ–±—Ä–∞–∑–Ω—ã –ø–æ –Ω–∞—á–∞–ª—É –Ω–µ –≤—Å–µ –º–æ–≥—É—Ç –ø–æ–Ω—Ä–∞–≤–∏—Ç—Å—è, –∏ –¥–∞–∂–µ –≤—Ä–µ–º–µ–Ω–∞–º–∏ —Ä–∞–∑–¥—Ä–∞–∂–∞—Ç—å, –Ω–æ –ø–æ—Ç–æ–º –æ–Ω–∏ –æ–±—è–∑–∞—Ç–µ–ª—å–Ω–æ –≤–∞–º –ø–æ–∫–∞–∂—É—Ç—Å—è —Ö–æ—Ä–æ—à–∏–º–∏. –§–∏–Ω–∞–ª –º–µ–Ω—è –ø—Ä–∏—è—Ç–Ω–æ —É–¥–∏–≤–∏–ª –∫—Ä–∞—Å–æ—á–Ω–æ–π —Å—Ö–≤–∞—Ç–∫–æ–π, –æ—á–µ–Ω—å –∏–Ω—Ç–µ—Ä–µ—Å–Ω–æ –±—ã–ª–æ –Ω–∞–±–ª—é–¥–∞—Ç—å –∑–∞ –Ω–µ–π. –ß—Ç–æ —è –º–æ–≥—É —Å–∫–∞–∑–∞—Ç—å, –º–Ω–µ —ç—Ç–∞ –∏—Å—Ç–æ—Ä–∏—è –æ—á–µ–Ω—å –ø–æ–Ω—Ä–∞–≤–∏–ª–∞—Å—å –¥–∞ —Ç–∞–∫, —á—Ç–æ –Ω–∞–¥–µ—é—Å—å –Ω–∞ –≤—Ç–æ—Ä–æ–π —Å–µ–∑–æ–Ω, –æ–Ω–∞ –≤–∞–º –æ–±—è–∑–∞—Ç–µ–ª—å–Ω–æ –ø–æ–Ω—Ä–∞–≤–∏—Ç—Å—è.",anime,1
239559,"—Ä–æ–∑–æ–π —Ç–∞–∫ —Å–∫–∞–∑–∞—Ç—å –∏ –Ω–µ –ø–∞—Ö–Ω–µ—Ç)) –ø—Ä–æ–∑—Ä–∞—á–Ω—ã–µ –≥—Ä–∞–Ω—É–ª—ã –Ω–µ —Å–æ–±—Ä–∞—Ç—å, –µ—Å–ª–∏ –ø—Ä–æ—Å—ã–ø–∞–ª–∏—Å—å –Ω–∞ –ø–æ–ª, —Ç–∞–∫ –∫–∞–∫ –ø—Ä–∞–∫—Ç–∏—á–µ—Å–∫–∏ –Ω–µ–∑–∞–º–µ—Ç–Ω—ã. –ø–æ—Å–ª–µ –ø–∞—Ä—É –ø–æ—Ö–æ–¥–æ–≤ –∂–∏–≤–æ—Ç–Ω–æ–≥–æ ¬´–ø–æ –¥–µ–ª–∞–º¬ª –Ω–∞–ø–æ–ª–Ω–∏—Ç–µ–ª—å —Ç–µ—Ä—è–µ—Ç —Å–≤–æ–π –≤–∏–¥, –º–µ—Å—Ç–∞–º–∏ —Å—Ç–∞–Ω–æ–≤–∏—Ç—Å—è –∂—ë–ª—Ç—ã–º. –≤ —Ü–µ–ª–æ–º –ø–æ —Å—Ä–∞–≤–Ω–µ–Ω–∏—é —Å –¥—Ä—É–≥–∏–º–∏ –Ω–∞–ø–æ–ª–Ω–∏—Ç–µ–ª—è–º–∏ - –æ—á–µ–Ω—å –ø–ª–æ—Ö.",perekrestok,2
226237,"–í –ø–æ—Å–µ–ª–∫–µ –ê–¥-–î–∏—è–±–∏—è —Ä–∞–∑–≥—Ä–æ–º–ª–µ–Ω–æ —É–∫—Ä—ã—Ç–∏–µ –±–∞–Ω–¥—Ñ–æ—Ä–º–∏—Ä–æ–≤–∞–Ω–∏—è. –£–Ω–∏—á—Ç–æ–∂–µ–Ω –Ω–∞–µ–º–Ω–∏–∫ –∏–∑ –°–∞—É–¥–æ–≤—Å–∫–æ–π –ê—Ä–∞–≤–∏–∏ –ë—Ö–∏—Ç –ê–¥-–î–∞–º–µ—Ä –∏ —Ç–µ—Ä—Ä–æ—Ä–∏—Å—Ç –ú–∞—Ö–º—É–¥ –ó–∞–≥–º—É—Ç. –í –≥–æ—Ä–æ–¥–µ –î–∞—Ä–µ–π—è –∞—Ä–º–µ–π—Ü—ã –ª–∏–∫–≤–∏–¥–∏—Ä–æ–≤–∞–ª–∏ –Ω–µ—Å–∫–æ–ª—å–∫–æ —Ç–µ—Ä—Ä–æ—Ä–∏—Å—Ç–æ–≤ –≤–º–µ—Å—Ç–µ —Å –∏—Ö –æ—Ä—É–∂–∏–µ–º –∏ –±–æ–µ–ø—Ä–∏–ø–∞—Å–∞–º–∏. –°—Ä–µ–¥–∏ —É–Ω–∏—á—Ç–æ–∂–µ–Ω–Ω—ã—Ö –Ω–µ–∫–∏–µ –ú—É—Ö–∞–º–º–∞–¥ –ø–æ –∫–ª–∏—á–∫–µ –ê–±—É –ê–¥–Ω–∞–Ω –∏ –ê—Ö–º–∞–¥ –ø–æ –∫–ª–∏—á–∫–µ –ê–±—É –ê–Ω-–ù—É—Ä. –í –ø—Ä–æ–≤–∏–Ω—Ü–∏–∏ –ò–¥–ª–µ–± –∞—Ä–º–µ–π—Å–∫–∏–µ –ø–æ–¥—Ä–∞–∑–¥–µ–ª–µ–Ω–∏—è —É—Å—Ç–∞–Ω–æ–≤–∏–ª–∏ –ø–æ–ª–Ω—ã–π –∫–æ–Ω—Ç—Ä–æ–ª—å –Ω–∞–¥ —Ä–∞–π–æ–Ω–æ–º –î–∂–µ–±–∞–ª—å –ê–ª—å-–ê—Ä–±–∞–∏–Ω. –¢–∞–º –±—ã–ª–∏ —Ä–∞–∑–≥—Ä–æ–º–ª–µ–Ω—ã –≤—Å–µ —Å–∫–æ–ø–ª–µ–Ω–∏—è —Ç–µ—Ä—Ä–æ—Ä–∏—Å—Ç–æ–≤ –∏–∑ –î–∂–µ–±—Ö–∞—Ç –ê–Ω-–ù—É—Å—Ä—ã –∏ —à—Ç–∞–±—ã –∏—Ö –∫–æ–º–∞–Ω–¥–æ–≤–∞–Ω–∏—è, —É–Ω–∏—á—Ç–æ–∂–µ–Ω–æ –æ—Ä—É–∂–∏–µ –º–∏–Ω–æ–º–µ—Ç–Ω—ã–µ –ø—É—à–∫–∏, —Ä–∞–∫–µ—Ç–Ω—ã–µ —É—Å—Ç–∞–Ω–æ–≤–∫–∏ –∏ –±–æ–µ–ø—Ä–∏–ø–∞—Å—ã. –ö–∞–∫ —Å–æ–æ–±—â–∏–ª –∫–æ—Ä—Ä–µ—Å–ø–æ–Ω–¥–µ–Ω—Ç—É –∞–≥–µ–Ω—Ç—Å—Ç–≤–∞ –°–ê–ù–ê –≤–æ–µ–Ω–Ω—ã–π –∏—Å—Ç–æ—á–Ω–∏–∫, –≤ —Ö–æ–¥–µ –æ–ø–µ—Ä–∞—Ü–∏–π –±—ã–ª–∏ —É–Ω–∏—á—Ç–æ–∂–µ–Ω—ã –¥–µ—Å—è—Ç–∫–∏ –±–æ–µ–≤–∏–∫–æ–≤ –∏ —Ä–∞–∑—Ä—É—à–µ–Ω–æ –º–Ω–æ–≥–æ –∞–≤—Ç–æ–º–∞—à–∏–Ω, –æ—Å–Ω–∞—â–µ–Ω–Ω—ã—Ö –∫—Ä—É–ø–Ω–æ–∫–∞–ª–∏–±–µ—Ä–Ω—ã–º–∏ –ø—É–ª–µ–º–µ—Ç–∞–º–∏.",linis,1
219875,"–ù–∞–∫–æ–Ω–µ—Ü-—Ç–æ —è –¥–æ–±–∏–ª–∞ —ç—Ç—É –¥–æ—Ä–∞–º—É

–°–∫–∞–∂—É —á–µ—Å—Ç–Ω–æ —Å–ª–æ–∂–Ω–æ –±—ã–ª–æ

–û –•–∞ –ù–∏ - —ç—Ç–æ—Ç –ø–µ—Ä—Å–æ–Ω–∞–∂ –≤—ã–∑—ã–≤–∞–ª –Ω–∞ –ø—Ä–æ—Ç—è–∂–µ–Ω–∏–∏ —Ñ–∏–ª—å–º–∞ –±–æ–ª—å—à–µ —Ä–∞–∑–¥—Ä–∞–∂–µ–Ω–∏—è —á–µ–º –Ω–µ–≥–∞—Ç–∏–≤–Ω—ã–µ –ø–µ—Ä—Å–æ–Ω–∞–∂–∏ –≤ –¥—Ä—É–≥–∏—Ö –¥–æ—Ä–∞–º–∞—Ö, —á–µ–ª–æ–≤–µ–∫ –±–µ–∑ —á—É–≤—Å—Ç–≤–∞ —Å–æ–±—Å—Ç–≤–µ–Ω–Ω–æ–≥–æ –¥–æ—Å—Ç–æ–∏–Ω—Å—Ç–≤–∞, –±–µ–∑ —Å–∞–º–æ—É–≤–∞–∂–µ–Ω–∏—è, —ç—Ç–æ –ø—Ä–æ—è–≤–ª—è–µ—Ç—Å—è –Ω–∞ –ø—Ä–æ—Ç—è–∂–µ–Ω–∏–∏ –≤—Å–µ—Ö 16 —Å–µ—Ä–∏–π, –æ–Ω–∞ –∂–∏–≤—ë—Ç –≤ –º–∏—Ä–µ —Å–≤–æ–∏—Ö –∏–ª–ª—é–∑–∏–π, –º–µ—á—Ç–∞–Ω–∏–π, –µ—ë —É–Ω–∏–∂–∞—é—Ç, –Ω–æ –æ–Ω–∞ –ø—Ä–æ–¥–æ–ª–∂–∞–µ—Ç –Ω–µ—Å—Ç–∏ —Ä–æ–ª—å –≤–µ—Ä–Ω–æ–π –±–æ–ª–æ–Ω–∫–∏,  –≤—Å–µ –µ—ë –≥–ª—É–ø—ã–µ –ø—Ä–æ–¥–µ–ª–∫–∏ —Å–ª–µ–∂–∫–∏ –Ω–µ –ø—Ä–∏–≤–µ–ª–∏ –Ω–∏ –∫ —á–µ–º—É  —Ö–æ—Ä–æ—à–µ–º—É,

–ù–∞ –ø—Ä–æ—Ç—è–∂–µ–Ω–∏–∏ –≤—Å–µ–≥–æ —Å–µ—Ä–∏–∞–ª–∞ —è –∂–¥–∞–ª–∞ —á—Ç–æ –≤ –Ω–µ–π –ø—Ä–æ—Å–Ω—ë—à—å—Å—è —Ö–æ—Ç—å –∫–∞–ø–ª—è —Å–∞–º–æ—É–≤–∞–∂–µ–Ω–∏—è, –Ω–æ —É —ç—Ç–æ–π –¥–µ–≤—á–æ–Ω–∫–∏ –∞–ø—Ä–∏–æ—Ä–∏ –º–æ–∑–≥–æ–≤ –Ω–µ—Ç, –≤—Å–µ –µ—ë —Å—É—â–µ—Å—Ç–≤–æ–≤–∞–Ω–∏–µ –ø–æ—Å–≤—è—â—ë–Ω–æ —Å–≤–æ–µ–º—É –∏–¥–æ–ª—É,

–ë–ª–∏–∂–µ –∫ –∫–æ–Ω—Ü—É —É –º–µ–Ω—è –ø–æ—è–≤–∏–ª–∞—Å—å –Ω–∞–¥–µ–∂–¥–∞, –∞ –≤–¥—Ä—É–≥, –Ω–æ —É–≤—ã, –∫–æ–≥–¥–∞ –¥–µ–ª–æ –¥–æ—à–ª–æ –¥–æ —Å–≤–∞–¥—å–±—ã, –æ–≥—Ä–æ–º–Ω–∞—è –¥–æ–ª—è –ø—Ä–µ–∑—Ä–µ–Ω–∏—è –±–µ–∑—Ä–∞–∑–ª–∏—á–∏—è –ø–æ—Ñ–∏–≥–∏–∑–º–∞ —è –±—ã —Å–∫–∞–∑–∞–ª–∞ –æ—Ç –ë—ç–µ –°—ã–Ω –ß–∂–æ, –Ω–µ –æ—Ö–ª–∞–¥–∏–ª–∞ –µ—ë –ø—ã–ª, —Ö–æ—Ç—è —Ä—è–¥–æ–º –±—ã–ª–∏ 2 –∑–∞–º–µ—á–∞—Ç–µ–ª—å–Ω—ã—Ö –ø–∞—Ä–Ω—è, –º–Ω–µ –∫–∞–∑–∞–ª–æ—Å—å —á—Ç–æ –æ–Ω–∞ –±—ã–ª–∞ –≤–ª—é–±–ª–µ–Ω–∞ –≤ —Å–≤–æ—é –ª—é–±–æ–≤—å,  –≤ –æ–±—â–µ–º –æ—Ç–Ω–æ—à–µ–Ω–∏–µ –∫ –Ω–µ–π –≥–ª–∞–≤–Ω–æ–≥–æ –≥–µ—Ä–æ—è —Å–æ–æ–±—Ä–∞–∑–Ω–æ –µ—ë –æ—Ç–Ω–æ—à–µ–Ω–∏—é –∫ —Å–µ–±–µ, —è —Å–º–æ—Ç—Ä–µ–ª–∞ –Ω–∞ –ø–µ—Ä–µ–º–æ—Ç–∫–µ, –ª—É—á—à–µ –µ—â—ë —Ä–∞–∑ –ø–µ—Ä–µ—Å–º–æ—Ç—Ä–∞ –¥–æ—Ä–∞–º—É –Ø —Å–∫—É—á–∞—é –ø–æ —Ç–µ–±–µ, —á–µ–º —ç—Ç–æ",kinopoisk,2
286452,–ù–∞–ø–æ–ª–Ω–∏—Ç–Ω–∏—Ç–µ–ª—å —Ö–æ—Ä–æ—à–æ –∫–æ–º–∫—É–µ—Ç—Å—è –∏ –¥–µ—Ä–∂–∏—Ç –∑–∞–ø–∞—Ö. –ë–æ–ª—å—à–æ–π –æ–±—ä–µ–º. –•–æ—Ä–æ—à–µ–µ —Å–æ–æ—Ç–Ω–æ—à–µ–Ω–∏–µ —Ü–µ–Ω–∞/–∫–∞—á–µ—Å—Ç–≤–æ. –ö–æ—à–∫–∞–º –Ω—Ä–∞–≤–∏—Ç—Å—è.,perekrestok,1
186754,"–ú–∞–≥–∞–∑–∏–Ω –≥–¥–µ 26 –º–∞—è –≤14 .30. –û—Ö—Ä–∞–Ω–Ω–∏—Ü–∞ –∏–∑–±–∏–ª–∞ 80 –ª–µ—Ç–Ω—é—é –±–∞–±—É—à–∫—É!!!!!!–∫—É–ª–∞–∫–æ–º –ø–æ –≥–æ–ª–æ–≤–µ.!!!!–õ—é–¥–∏ –ø–æ—á–µ–º—É –∏–∑–±–∏–≤–∞—é—Ç –Ω–∞—à–∏—Ö —Å—Ç–∞—Ä–∏–∫–æ–≤?!!!!!–ë–∞–±—É—à–∫–∞ —Ö–æ—Ç–µ–ª–∞ –≤–µ—Ä–Ω—É—Ç—å –ø—Ä–æ—Å—Ä–æ—á–µ–Ω–Ω—ã–π —Ç–æ–≤–∞—Ä!!!!
",geo,2
48298,"—Ö–æ—Ä–æ—à–∏–π –∫–æ—Å—Ç—é–º, –Ω–æ –æ—á–µ–Ω—å —Ç—Ä—É–¥–Ω–æ –±—ã–ª–æ –æ–ø—Ä–µ–¥–µ–ª–∏—Ç—å—Å—è —Å —Ä–∞–∑–º–µ—Ä–æ–º",rureviews,1
151681,"–í—Å–µ–º —Ä–µ–∫–æ–º–µ–Ω–¥—É—é –ø–æ—Å–µ—Ç–∏—Ç—å –º—É–∑–µ–π –§–∞–±–µ—Ä–∂–µ. –ù–µ –±—ã–ª–æ –æ–¥–Ω–æ–π —ç–∫—Å–ø–æ–∑–∏—Ü–∏–∏, –Ω–æ —ç—Ç–æ –Ω–µ –ø–æ–º–µ—à–∞–ª–æ –ø–æ–ª—É—á–∏—Ç—å –æ–≥—Ä–æ–º–Ω–æ–µ —É–¥–æ–≤–æ–ª—å—Å—Ç–≤–∏–µ –æ—Ç –ø—Ä–æ—Å–º–æ—Ç—Ä–∞ —à–µ–¥–µ–≤—Ä–æ–≤ –∑–Ω–∞–º–µ–Ω–∏—Ç–æ–≥–æ —é–≤–µ–ª–∏—Ä–∞. –ü—Ä–∏—à–ª–∏ —Å–∞–º–æ—Å—Ç–æ—è—Ç–µ–ª—å–Ω–æ. –°–≤–æ–±–æ–¥–Ω–æ –æ–ø–ª–∞—Ç–∏–ª–∏ –±–∏–ª–µ—Ç —Å —ç–∫—Å–∫—É—Ä—Å–∏–µ–π, –ø–æ–¥–æ–∂–¥–∞–ª–∏ 20 –º–∏–Ω—É—Ç –∏ –ø–ª–∞–≤–Ω–æ –ø–æ–≥—Ä—É–∑–∏–ª–∏—Å—å –≤ –±–µ—Å–ø–æ–¥–æ–±–Ω—É—é –∞—Ç–º–æ—Å—Ñ–µ—Ä—É –∫—Ä–∞—Å–æ—Ç—ã...... –í—Å—ë –Ω–∞ –≤—ã—Å—à–µ–º —É—Ä–æ–≤–Ω–µ. –°–ø–∞—Å–∏–±–æ.
",geo,1
88896,"–ö–∞–∫ –∂–µ –ª—é–±–ª—é —ç—Ç–æ—Ç –º–æ–º–µ–Ω—Ç: 1366x7681366x768–ß–∏—Å—Ç–æ —Ä–∞–¥–∏ —Ç–∞–Ω—Ü–∞ —ç—Ç–æ–≥–æ –ø–µ—Ä—Å–æ–Ω–∞–∂–∞ —Å–∑–∞–¥–∏ –≥–æ—Ç–æ–≤–∞ –ø–µ—Ä–µ—Å–º–∞—Ç—Ä–∏–≤–∞—Ç—å —Ä–∞–∑ –∑–∞ —Ä–∞–∑–æ–º. –ü—Ä–æ—Å—Ç–æ –æ–¥–∏–Ω –∏–∑ –ª—É—á—à–∏—Ö –∞–Ω–∏–º–∞—Ü–∏–æ–Ω–Ω—ã—Ö –∫–ª–∏–ø–æ–≤. –û—á–µ–Ω—å —É–∂ –ª—é–±–ª—é —Å—Ç–∏–ª—å Waboku (–≤ –±–æ–ª—å—à–π–µ —Å—Ç–µ–ø–µ–Ω–∏ –µ–µ –ø–µ—Ä—Å–æ–Ω–∞–∂–µ–π, —Ü–≤–µ—Ç–æ–≤—ã–µ —Ä–µ—à–µ–Ω–∏—è, –∞–Ω–∏–º–∞—Ü–∏—é –∏ –∏–Ω—Ç–µ—Ä–µ—Å–Ω—ã–µ –æ–±—Ä–∞–∑—ã) –∏ —ç—Ç—É –ø–µ—Å–Ω—é. 10 –∏–∑ 10.–í—Ç–æ—Ä–æ–π –∫–ª–∏–ø –º–Ω–µ –Ω—Ä–∞–≤–∏—Ç—Å—è –≤ –º–µ–Ω—å—à–µ–π —Å—Ç–µ–ø–µ–Ω–∏, –≥–¥–µ-—Ç–æ –Ω–∞ 8—á–∫—É, –ø–æ—Ç–æ–º—É —á—Ç–æ –≤–æ—Ç —ç—Ç–æ—Ç –º–æ–º–µ–Ω—Ç —Å –ø–ª–µ–Ω–∫–æ–π –∏ —ç—Ç–æ—Ç –ø–µ—Ä—Å–æ–Ω–∞–∂ —Å –¥—ã—Ä–æ–π –≤ —Ñ–æ—Ä–º–µ —Å–µ—Ä–¥—Ü–∞ –≤ –≥–æ–ª–æ–≤–µ —Ü–µ–ø–ª—è—é—Ç. –¢–∞–∫ —á—Ç–æ –æ–±—â–∞—è —É –Ω–∏—Ö 9.",anime,0
225629,"–æ–≥–¥–∞ —Ö–æ—á–µ—Ç—Å—è —á–∏—Ç–∞—Ç—å –∏ —É—á–∏—Ç—å —è–∑—ã–∫–∏ –¥–ª—è —Å–µ–±—è, –Ω–∞–∫–æ–Ω–µ—Ü, —É—á–∏—Ç—å—Å—è –≥–æ—Ç–æ–≤–∏—Ç—å –Ω–æ–≤—ã–µ —Ä–µ—Ü–µ–ø—Ç—ã :)  –Ø –ª—é–±–ª—é –ø–æ–∑–Ω–∞–≤–∞—Ç—å. –ê —É—á–∏—Ç—å—Å—è –±–æ–ª—å—à–µ –Ω–µ —Ö–æ—á—É )) –•–≤–∞—Ç–∏—Ç. 19 –ª–µ—Ç —É—á–∏–ª—Å—è ))  –ó—É–±—Ä–∏—Ç—å –Ω–µ –ª—é–±–ª—é, —É—á—É—Å—å —Å–µ–π—á–∞—Å –Ω–∞ —Ç–∞–∫–æ–º –ª–æ—è–ª—å–Ω–æ–º –∑–∞–æ—á–Ω–æ–º, —á—Ç–æ —Ä–∞–¥–∞ –∏ —Å—á–∞—Å—Ç–ª–∏–≤–∞ - –Ω–æ —ç—Ç–æ —Ä–∞–¥–∏  –∫–æ—Ä–æ—á–∫–∏ . –ê –¥–ª—è —Å–µ–±—è —è –±—ã –ø—Ä–µ–¥–ø–æ—á–ª–∞ –≤—Å–µ –∂–µ –∫—É—Ä—Å—ã - –æ—á–µ–Ω—å —Ö–æ—Ç–µ–ª–∞ –±—ã –æ–∫–æ–Ω—á–∏—Ç—å –∫—É—Ä—Å—ã —à–∏—Ç—å—è, –ø–æ–¥—Ç—è–Ω—É—Ç—å –¥–∞–≤–Ω–æ –∑–∞–±—ã—Ç—ã–π –∞–Ω–≥–ª–∏–π—Å–∫–∏–π, –∏–ª–∏, –∫ –ø—Ä–∏–º–µ—Ä—É, –∫—É—Ä—Å—ã —ç–∫—Å—Ç—Ä–µ–º–∞–ª—å–Ω–æ–≥–æ –≤–æ–∂–¥–µ–Ω–∏—è –∞–≤—Ç–æ–º–æ–±–∏–ª—è - —Ç–æ–∂–µ –ø—Ä–∏–≥–æ–¥–∏—Ç—Å—è. –ù—É –∞ —Ä–∞–¥–∏ —Å–æ–≤—Å–µ–º-—Å–æ–≤—Å–µ–º —É–¥–æ–≤–æ–ª—å—Å—Ç–≤–∏—è - —Ç–∞–Ω—Ü—ã –∏ –ø—Ä–æ—á–∏–µ  –¥–≤–∏–≥–∞—Ç–µ–ª—å–Ω—ã–µ  –∑–∞–Ω—è—Ç–∏—è, –Ω–æ —Ç–∞–º —Ä–∞–¥–∏ —Ä–µ–∑—É–ª—å—Ç–∞—Ç–∞ —Ç–æ—á–Ω–æ –Ω–µ –ø–æ–ª—É—á–∏—Ç—Å—è, —Ç–æ–ª—å–∫–æ —Ä–∞–¥–∏ –ø—Ä–æ—Ü–µ—Å—Å–∞ :)–ê –í—ã - –≥–µ—Ä–æ–∏–Ω—è, –ø–æ—Å–ª–µ –¥–µ—Å—è—Ç–∏ —à–∫–æ–ª—å–Ω—ã—Ö –ª–µ—Ç –µ—â–µ –¥–≤–µ–Ω–∞–¥—Ü–∞—Ç—å –ø–æ–ª—É—á–∞—Ç—å –≤—ã—Å—à–∏–µ –æ–±—Ä–∞–∑–æ–≤–∞–Ω–∏—è... –û_–æ –ò–Ω–∞—á–µ –∏ –Ω–µ —Å–∫–∞–∂–µ—à—å - –∂–µ—Å—Ç—å :)  –ö–æ–≥–¥–∞ —è —Ä–∞—Å—Å–º–∞—Ç—Ä–∏–≤–∞—é —Å–≤–æ–µ CV, –≤—Å–µ–≥–¥–∞ –≤—Å–ø–æ–º–∏–Ω–∞—é —Å–≤–æ–µ–≥–æ  –ø—Ä–µ–ø–æ–¥–∞–≤–∞—Ç–µ–ª—è, —Å–∫–∞–∑–∞–≤—à–µ–≥–æ: –ö–∞–∫–∞—è –≤—ã  –∂–∞–¥–Ω–∞—è, —Ç–∞–∫  –º–Ω–æ–≥–æ –∏ –¥–æ–ª–≥–æ –≤—Å–µ–º—É  —É—á–∏–ª–∏—Å—å!  –Ø –ø–æ—Å–ª–µ —É–Ω–∏–≤–µ—Ä–∞ –≥–æ–¥ –Ω–µ —á–∏—Ç–∞–ª–∞ :). –ù–∏ –æ–¥–Ω–æ–π –∫–Ω–∏–∂–∫–∏! –ê —Ç–µ–ø–µ—Ä—å –≤–æ—Ç –ø—Ä–∏—Ö–æ–¥–∏—Ç—Å—è –≤ —É—á–∏—Ç–µ–ª—è –ø–µ—Ä–µ–∫–≤–∞–ª–∏—Ñ–∏—Ü–∏—Ä–æ–≤–∞—Ç—å—Å—è. –î–æ—á–∫–∞ —Ö–æ–¥–∏—Ç –≤ —Ä—É—Å—Å–∫—É—é —à–∫–æ–ª—É –Ω–∞ —ç–∫—Å—Ç–µ—Ä–Ω–∞—Ç, —Ç–∞–∫ –º—ã –¥–æ–º–∞ –≤—Å—é –ø—Ä–æ–≥—Ä–∞–º–º—É –ø—Ä–æ—Ö–æ–¥–∏–º. –ê –µ—â–µ —É—á—É –æ–¥–Ω–æ–≥–æ —á–µ—Ö–∞ —Ä—É—Å—Å–∫–æ–º—É —è–∑—ã–∫—É. –ù–æ —É –Ω–µ–≥–æ –µ—Å—Ç—å –∂–µ–ª–∞–Ω–∏–µ —É—á–∏—Ç—å—Å—è, –∞ —É —Ä–µ–±–µ–Ω–∫–∞ –∫–∞–∫-—Ç–æ –Ω–µ –æ—á–µ–Ω—å",linis,1
276258,"–î–æ—Å—Ç–æ–∏–Ω—Å—Ç–≤–∞:
–í–∫—É—Å–Ω–∞—è –º–∞–Ω–∫–∞ –¥–ª—è –∫–∞—à–∏ –∏ –¥–ª—è –∑–∞–ø–µ–∫–∞–Ω–æ–∫.
",perekrestok,1
165950,"–û—Ç–ª–∏—á–Ω—ã–π –∑–æ–æ–ø–∞—Ä–∫, –±–æ–ª—å—à–∞—è —Ç–µ—Ä—Ä–∏—Ç–æ—Ä–∏—è. –ù–µ–±–æ–ª—å—à–æ–π –∞–∫–≤–∞—Ä–∏—É–º, —Ç–µ—Ä—Ä–∞—Ä–∏—É–º, —Ç—Ä–æ–ø–∏—á–µ—Å–∫–∏–µ –∂–∏–≤–æ—Ç–Ω—ã–µ.\n–ï—Å—Ç—å –Ω–µ–±–æ–ª—å—à–∞—è –ø–ª–æ—â–∞–¥–∫–∞ –¥–ª—è –∫–æ–Ω—Ç–∞–∫—Ç–Ω–æ–≥–æ –æ–±—â–µ–Ω–∏—è —Å –∫—Ä–æ–ª–∏–∫–∞–º–∏, –∫–æ—à–∫–∞–º–∏, –∫–æ–∑—ã. \n–ú–Ω–æ–≥–æ –¥–∞–ª—å–Ω–µ–≤–æ—Å—Ç–æ—á–Ω—ã—Ö –∂–∏–≤–æ—Ç–Ω—ã—Ö –∏ –ø—Ç–∏—Ü, –æ—Å–æ–±–µ–Ω–Ω–æ —Ö–∏—â–Ω—ã—Ö. –ê–∫—Ç–∏–≤–Ω—ã–µ –æ—Ä–ª—ã, —Å–æ–≤—ã.\n–†–µ–¥–∫–æ –≥–¥–µ –≤—Å—Ç—Ä–µ—Ç–∏—à—å —Ö–∞—Ä–∑—É, –∑–¥–µ—Å—å –¥–≤–∞ –≤–µ–ª–∏–∫–æ–ª–µ–ø–Ω—ã—Ö –∏–≥—Ä–∏–≤—ã—Ö —ç–∫–∑–µ–º–ø–ª—è—Ä–∞. \n–†–∞–∑–ª–∏—á–Ω—ã–µ —Ñ–∏–≥—É—Ä–∫–∏, –ø–ª–æ—â–∞–¥–∫–∏ –¥–ª—è —Ñ–æ—Ç–æ—Å–µ—Å—Å–∏–π.
",geo,1
62970,"–£–∂–∞—Å–Ω–æ–µ –∫–∞—á–µ—Å—Ç–≤–æ!!! –í–≤–µ—Ä—Ö –∂–∏–ª–µ—Ç–∫–∏ —Å–¥–µ–ª–∞–Ω –∫–∞–∫ –±—É–¥—Ç–æ –∏–∑ —É–ø–∞–∫–æ–≤–∫–∏ –¥–ª—è —Å—É–º–æ–∫!!! –ù–∞ –æ—â—É–ø—å –¥–∞–∂–µ –Ω–µ –ø—Ä–∏—è—Ç–Ω–æ–µ!!! –î–æ —ç—Ç–æ–≥–æ –∑–∞–∫–∞–∑—ã–≤–∞–ª–∏, –∫–∞—á–µ—Å—Ç–≤–æ –±—ã–ª–æ –æ—Ç–ª–∏—á–Ω–æ–µ!!! –ê —ç—Ç–∞ –ø–æ—Å—ã–ª–∫–∞, —Ä–∞—Å—Ç—Ä–æ–∏–ª–∞ –∏ –æ–≥–æ—Ä—á–∏–ª–∞!!!",rureviews,2
189855,–í–µ—Ä–Ω–∏—Ç–µ –ø—Ä–æ—à–ª—ã–π —à—Ä–∏—Ñ—Ç ! –ù–æ–≤—ã–π —à—Ä–∏—Ñ—Ç –ø—Ä–æ—Å—Ç–æ —É–∂–∞—Å–µ–Ω,sber,1
4032,"–∑–∞–∫–∞–∑ –ø—Ä–∏—à–µ–ª –±—ã—Å—Ç—Ä–æ, –Ω–∏—Ç–∫–∏ –Ω–µ —Ç–æ—Ä—á–∞—Ç. —Ç–∫–∞–Ω—å –Ω–æ—Ä–º–∞–ª—å–Ω–∞—è, –∑–∞–ø–∞—Ö–∞ –Ω–µ—Ç. –Ω–æ –≤–æ—Ç —Å–∫—Ä–æ–µ–Ω–∞ –∫–æ—Ñ—Ç–æ—á–∫–∞ –ø–æ –∫–∏—Ç–∞–π—Å–∫–∏((( –ø–µ—Ä–µ—Ç—è–Ω—É—Ç–∞ –≤—Å—è. –Ω–∞ —Ñ–æ—Ç–æ –≤–∏–¥–Ω–æ.",rureviews,0
11559,"–î–æ —ç—Ç–æ–π —é–±–∫–∏ –∑–∞–∫–∞–∑—ã–≤–∞–ª–∞ 2 —Ä–∞–∑–º–µ—Ä–æ–º L –Ω–∞ —Å–≤–æ–π 46 —Ä–∞–∑–º–µ—Ä. –û–Ω–∏ –≤ –ø–æ–ª–æ–∂–µ–Ω–∏–∏ —Å—Ç–æ—è —Å–∏–¥—è—Ç –∏–¥–µ–∞–ª—å–Ω–æ, –Ω–æ –ø—Ä–∏ —Ö–æ–¥—å–±–µ —É–ø–æ—Ä–Ω—ã–µ —Å–∫–ª–∞–¥–∫–∏ —Å–ø–µ—Ä–µ–¥–∏ –Ω–∞ –±–µ–¥—Ä–∞—Ö. —Ä–µ—à–∏–ª–∞ –∑–∞–∫–∞–∑–∞—Ç—å –Ω–∞ —Ä–∞–∑–º–µ—Ä –±–æ–ª—å—à–µ, –≤–∑—è–ª–∞ XL. –≤ –∏—Ç–æ–≥–µ –æ–Ω —Ç–∞–∫–æ–≥–æ –∂–µ —Ä–∞–∑–º–µ—Ä–∞, –µ—Å–ª–∏ –Ω–µ –º–µ–Ω—å—à–µ –≤ —Ç–∞–ª–∏–∏ ((( –∏ —Ç–µ –∂–µ —Å–∫–ª–∞–¥–∫–∏.—Ç–æ–≤–∞—Ä –Ω–µ —Ä–µ–∫–æ–º–µ–Ω–¥—É—é.",rureviews,0
41517,"–≤—Å—ë —Ö–æ—Ä–æ—à–æ, —Ç–∫–∞–Ω—å –ø—Ä–∏—è—Ç–Ω–∞—è –∫
